outbreakId,eventId,animalCategory,startDate,endDate,totalCases,isCluster,longitude,latitude,active,totalOutbreaks,locationName,locationApprox,status,animalCategoryLabel,isClusterLabel,diseaseName,diseaseCategory,diseaseType,speciesDetails
176430,7168,domestic,2026-01-01,2026-01-05,,False,35.179,32.651,,1,Sde Yaakov,False,,,,clade 2.3.4.4.b - H5N2 (HPAI) - Eurasian,OIE listed,,[{'spicieName': 'Birds'}]
181489,7168,domestic,2026-02-20,,8000.0,False,35.1946,32.6902,,1,NAHALAL,False,,,,H5N1 (HPAI),OIE listed,,[{'spicieName': 'Birds'}]
180471,7258,domestic,2026-02-08,2026-02-12,24151.0,False,16.368455,51.2554118,,1,Prochowice,False,,,,empty strain - H5N1 (HPAI),OIE listed,,[{'spicieName': 'Birds'}]
187023,7453,domestic,2026-03-19,,4744.0,False,82.139561,22.11447,,1,"Government Poultry Farm, Koni",True,,,,H5N1 (HPAI),OIE listed,,[{'spicieName': 'Birds'}]
180807,7262,domestic,2026-02-13,2026-02-21,12.0,False,90.794333,27.038646,,1,Trong gewog,True,,,,clade 2.3.4.4.b - H5N1 (HPAI) - EU_NA,OIE listed,,[{'spicieName': 'Birds'}]
180808,7262,domestic,2026-02-13,2026-02-21,3.0,False,90.75453,26.958395,,1,Pangkhar,False,,,,empty strain - H5N1 (HPAI),OIE listed,,[{'spicieName': 'Birds'}]
180965,7268,domestic,2026-01-30,,15.0,False,78.918842,13.559662,,1,"Village - Puttavaripalliu, Mandal- Sodum, Annamayya",False,,,,H5N1 (HPAI),OIE listed,,[{'spicieName': 'Birds'}]
180966,7268,domestic,2026-01-18,,5.0,False,78.916978,13.571867,,1,"Village - Ammagaripalli,  Mandal – Sodum, Annamayya",True,,,,H5N1 (HPAI),OIE listed,,[{'spicieName': 'Birds'}]
180967,7268,domestic,2026-02-06,,1875.0,False,79.429647,13.3957,,1,"Indira Colony RKVB Peta, Kravetinagar",True,,,,H5N1 (HPAI),OIE listed,,[{'spicieName': 'Birds'}]
182265,7319,domestic,2026-02-11,,350.0,False,85.097286,25.589547,,1,"Poultry Research & Training Centre, Kaushal Nagar, Chitkhora",False,,,,empty strain - H5N1 (HPAI),OIE listed,,[{'spicieName': 'Birds'}]
184327,7319,domestic,2026-02-24,,210.0,False,85.080897,25.594622,,1,"AICRP Poultry Breeding, BASU Campus, Patna",False,,,,H5N1 (HPAI),OIE listed,,[{'spicieName': 'Birds'}]
180046,7254,domestic,2026-02-05,,9708.0,False,15.3941754,53.3361518,,1,Szadzko,False,,,,empty strain - H5N1 (HPAI),OIE listed,,[{'spicieName': 'Birds'}]
182223,7313,domestic,2026-02-25,2026-03-03,,False,16.06105,56.37683,,1,Torsås,False,,,,empty strain - H5N1 (HPAI),OIE listed,,[{'spicieName': 'Birds'}]
178754,7228,domestic,2026-01-24,2026-01-29,3980.0,False,20.508264,46.872206,,1,Békésszentandrás,False,,,,empty strain - H5N1 (HPAI),OIE listed,,[{'spicieName': 'Birds'}]
178755,7228,domestic,2026-01-24,2026-01-30,1220.0,False,20.739347,46.523035,,1,Orosháza,False,,,,empty strain - H5N1 (HPAI),OIE listed,,[{'spicieName': 'Birds'}]
179528,7228,domestic,2026-02-02,2026-02-04,438.0,False,21.003727,46.316516,,1,Battonya,False,,,,empty strain - H5N1 (HPAI),OIE listed,,[{'spicieName': 'Birds'}]
186686,7446,domestic,2026-03-16,,95000.0,False,-3.21938,7.2978,,1,tankesse,False,,,,empty strain - H5N1 (HPAI),OIE listed,,[{'spicieName': 'Birds'}]
184546,7386,domestic,2026-03-15,,5850.0,False,87.632086,26.637781,,1,"Koshi Province, Morang, Urlabari Municipality-8 Athiyabari",False,,,,empty strain - H5N1 (HPAI),OIE listed,,[{'spicieName': 'Birds'}]
184652,7386,domestic,2026-03-10,,1306.0,False,87.301262,26.643438,,1,"Koshi Province, Morang, Sunderharaicha Municipality-4, Chariguwa",False,,,,H5N1 (HPAI),OIE listed,,[{'spicieName': 'Birds'}]
184672,7386,domestic,2026-03-12,,2500.0,False,87.31666667,26.45138889,,1,"Koshi Province, Morang, Katahari Rural Municipality-2, Haldibari",False,,,,H5N1 (HPAI),OIE listed,,[{'spicieName': 'Birds'}]
184674,7386,domestic,2026-03-12,,660.0,False,87.255,26.69861111,,1,"Koshi Province, Sunsari, Itahari Submetropolitan city-19",False,,,,H5N1 (HPAI),OIE listed,,[{'spicieName': 'Birds'}]
184948,7386,domestic,2026-03-13,,9730.0,False,87.37123,26.49982,,1,"Koshi Province, Morang, Katahari Rural Municipality-6, Paini tole",False,,,,H5N1 (HPAI),OIE listed,,[{'spicieName': 'Birds'}]
184949,7386,domestic,2026-03-15,,682.0,False,87.22806,26.70167,,1,"Koshi Province, Sunsari, Itahari Submetropolitan city-18",False,,,,H5N1 (HPAI),OIE listed,,[{'spicieName': 'Birds'}]
184952,7386,domestic,2026-03-15,,25.0,False,87.22556,26.66472,,1,"Koshi Province, Sunsari, Itahari Submetropolitan city-17",False,,,,H5N1 (HPAI),OIE listed,,[{'spicieName': 'Birds'}]
184955,7386,domestic,2026-03-16,,350.0,False,87.28444,26.61944,,1,"Koshi Province, Sunsari, Itahari Submetropolitan city-11",False,,,,H5N1 (HPAI),OIE listed,,[{'spicieName': 'Birds'}]
184958,7386,domestic,2026-03-16,,758.0,False,87.15611,26.55972,,1,"Koshi Province, Sunsari, Gadhi Rural Municipality-5",False,,,,H5N1 (HPAI),OIE listed,,[{'spicieName': 'Birds'}]
184959,7386,domestic,2026-03-17,,10500.0,False,87.67167,26.62056,,1,"Koshi Province, Jhapa, Damak Municipality-10",False,,,,H5N1 (HPAI),OIE listed,,[{'spicieName': 'Birds'}]
184960,7386,domestic,2026-03-17,,6240.0,False,87.26225,26.50342,,1,"Koshi Province, Morang, Biratnagar metropolitan city-4, Jola Tole",False,,,,H5N1 (HPAI),OIE listed,,[{'spicieName': 'Birds'}]
185296,7386,domestic,2026-03-02,,2274.0,False,84.3959863,27.6677855,,1,"Bagmati Province, Chitwon, Bharatpur Metropolitan City-4, Lanku",False,,,,H5N1 (HPAI),OIE listed,,[{'spicieName': 'Birds'}]
185297,7386,domestic,2026-03-19,,3000.0,False,87.670642,26.6104641,,1,"Koshi Province, Jhapa, Damak Municipality-10",False,,,,H5N1 (HPAI),OIE listed,,[{'spicieName': 'Birds'}]
185298,7386,domestic,2026-03-19,,2300.0,False,87.2489,26.7036,,1,"Koshi Province, Sunsari, Itahari Sub-metropolitan City-19, Amaha Tole",False,,,,H5N1 (HPAI),OIE listed,,[{'spicieName': 'Birds'}]
185299,7386,domestic,2026-03-21,,605.0,False,87.26972,26.585,,1,"Koshi Province, Sunsari, Duhabi Municipality-2",False,,,,H5N1 (HPAI),OIE listed,,[{'spicieName': 'Birds'}]
185300,7386,domestic,2026-03-21,,3500.0,False,87.2378,26.69278,,1,"Koshi Province, Sunsari, Itahari Sub-metropolitan City-18",False,,,,H5N1 (HPAI),OIE listed,,[{'spicieName': 'Birds'}]
185842,7386,domestic,2026-03-25,,652.0,False,87.21889,26.66389,,1,"Koshi Province, Sunsari, Itahari Submetropolitan City-16",False,,,,H5N1 (HPAI),OIE listed,,[{'spicieName': 'Birds'}]
185843,7386,domestic,2026-03-24,,5.0,False,87.2628667,26.677194,,1,"Koshi Province, Sunsari, Itahari Submetropolitan City-5",False,,,,H5N1 (HPAI),OIE listed,,[{'spicieName': 'Birds'}]
185844,7386,domestic,2026-04-01,,10.0,False,87.1405556,26.590556,,1,"Koshi Province, Sunsari, Inaruwa Municipality-2",False,,,,H5N1 (HPAI),OIE listed,,[{'spicieName': 'Birds'}]
185845,7386,domestic,2026-03-26,,3948.0,False,87.400639,26.623056,,1,"Koshi Province, Morang, Sundarharaicha-1",False,,,,H5N1 (HPAI),OIE listed,,[{'spicieName': 'Birds'}]
185846,7386,domestic,2026-03-28,,182.0,False,87.28120278,26.704011,,1,"Koshi Province, Sunsari, Tarahara",False,,,,H5N1 (HPAI),OIE listed,,[{'spicieName': 'Birds'}]
185847,7386,domestic,2026-03-26,,1573.0,False,87.43814,26.53325,,1,"Koshi Province, Morang, Rangeli Municipality-1",False,,,,H5N1 (HPAI),OIE listed,,[{'spicieName': 'Birds'}]
186706,7386,domestic,2026-04-03,,2998.0,False,87.243333,26.646389,,1,"Koshi Province, Itahari Submetropolitan city-16",False,,,,H5N1 (HPAI),OIE listed,,[{'spicieName': 'Birds'}]
186708,7386,domestic,2026-04-01,,200.0,False,87.714444,26.63576083,,1,"Koshi Province, Jhapa, Kamal Rural Municipality-6",False,,,,H5N1 (HPAI),OIE listed,,[{'spicieName': 'Birds'}]
186710,7386,domestic,2026-04-04,,735.0,False,87.236667,26.663056,,1,"Koshi Province, Sunsari, Itahari Submetropolitan City-16",False,,,,H5N1 (HPAI),OIE listed,,[{'spicieName': 'Birds'}]
186714,7386,domestic,2026-04-03,,392.0,False,87.280806,26.4155,,1,"Koshi Province, Morang, Biratnagar Metropolitan City-14",False,,,,H5N1 (HPAI),OIE listed,,[{'spicieName': 'Birds'}]
186717,7386,domestic,2026-04-01,,360.0,False,87.252678,26.67960278,,1,"Koshi Province, Sunsari, Itahari Sub-metropolitan City-5",False,,,,H5N1 (HPAI),OIE listed,,[{'spicieName': 'Birds'}]
186725,7386,domestic,2026-03-29,,1050.0,False,87.2483333,26.70861111,,1,"Koshi Province, Morang",False,,,,H5N1 (HPAI),OIE listed,,[{'spicieName': 'Birds'}]
186727,7386,domestic,2026-04-01,,536.0,False,87.352611,26.545333,,1,"Koshi Province, Morang, Gramthan Rural Municipality-3",False,,,,H5N1 (HPAI),OIE listed,,[{'spicieName': 'Birds'}]
186730,7386,domestic,2026-04-02,,550.0,False,87.221825,26.67860556,,1,"Koshi Province, Morang",False,,,,H5N1 (HPAI),OIE listed,,[{'spicieName': 'Birds'}]
186732,7386,domestic,2026-04-01,,260.0,False,83.692094,27.574838,,1,"Lumbini Province, Nawalparasi West, Sunawal minicipality-13, Suryabasti",False,,,,H5N1 (HPAI),OIE listed,,[{'spicieName': 'Birds'}]
186739,7386,domestic,2026-04-07,,528.0,False,84.9295514,27.0793716,,1,"Madhesh Province, Parsa, Jitpur Simara-23",False,,,,H5N1 (HPAI),OIE listed,,[{'spicieName': 'Birds'}]
187740,7386,domestic,2026-04-11,,1000.0,False,87.66745583,26.52192878,,1,"Koshi Province, Jhapa, Gauradaha Municipality-6",False,,,,H5N1 (HPAI),OIE listed,,[{'spicieName': 'Birds'}]
187741,7386,domestic,2026-04-11,,850.0,False,87.2888889,26.6911111,,1,"Koshi Province, Sunsari, Itahari Submetropolitan city-2",False,,,,H5N1 (HPAI),OIE listed,,[{'spicieName': 'Birds'}]
187742,7386,domestic,2026-04-10,,4522.0,False,87.2338889,26.6883333,,1,"Koshi Province, Sunsari, Itahari Submetropolitan city-18",False,,,,H5N1 (HPAI),OIE listed,,[{'spicieName': 'Birds'}]
187743,7386,domestic,2026-04-14,,1399.0,False,87.124167,26.745833,,1,"Koshi Province, Sunsari, Itahari-18, Barahkshetra-6",False,,,,H5N1 (HPAI),OIE listed,,[{'spicieName': 'Birds'}]
187744,7386,domestic,2026-04-04,,8625.0,False,85.4975,27.755,,1,"Bagmati Province, Kathmandu, Shankharapur Municipality-3 Jaharsingpauwa",False,,,,H5N1 (HPAI),OIE listed,,[{'spicieName': 'Birds'}]
187745,7386,domestic,2026-04-09,,75798.0,False,87.188889,26.710833,,1,"Koshi Province, Sunsari, Ramdhuni -6",False,,,,H5N1 (HPAI),OIE listed,,[{'spicieName': 'Birds'}]
187746,7386,domestic,2026-03-29,,17707.0,False,87.348889,26.606056,,1,"Koshi Province, Morang, Budhiganga Rural Municipality-7",False,,,,H5N1 (HPAI),OIE listed,,[{'spicieName': 'Birds'}]
190033,7386,domestic,2026-04-22,,2050.0,False,87.233889,26.6861111,,1,"Koshi Province, Sunsari, Itahari Municipality-18",False,,,,H5N1 (HPAI),OIE listed,,[{'spicieName': 'Birds'}]
190034,7386,domestic,2026-04-22,,2590.0,False,87.0927778,26.69361111,,1,"Koshi Province, Sunsari, Barah-9",False,,,,H5N1 (HPAI),OIE listed,,[{'spicieName': 'Birds'}]
190035,7386,domestic,2026-04-23,,30.0,False,85.90585,26.84408,,1,"Madhesh Province, Mahottari, Bhangaha Municipality-9",False,,,,H5N1 (HPAI),OIE listed,,[{'spicieName': 'Birds'}]
190036,7386,domestic,2026-04-27,,16.0,False,85.26656,27.76706,,1,"Bagmati Province, Kathmandu, Tarkeshwor Municipality-3, Thulagaon",False,,,,H5N1 (HPAI),OIE listed,,[{'spicieName': 'Birds'}]
190037,7386,domestic,2026-05-07,,800.0,False,85.388768,27.759265,,1,"Bagmati Province, kathmandu, Gokarneshwor Municipality-3, Suntakhan",False,,,,H5N1 (HPAI),OIE listed,,[{'spicieName': 'Birds'}]
190038,7386,domestic,2026-05-17,,1872.0,False,85.391832,27.629737,,1,"Bagmati province, Lalitpur, Mahalaxmi Municipality-9 Lamatar",False,,,,H5N1 (HPAI),OIE listed,,[{'spicieName': 'Birds'}]
190039,7386,domestic,2026-05-18,,450.0,False,85.37027,27.76,,1,"Bagmati Province, kathmandu, Budanilkanta Municipality-13",False,,,,H5N1 (HPAI),OIE listed,,[{'spicieName': 'Birds'}]
190040,7386,domestic,2026-05-18,,382.0,False,85.40392,27.7444,,1,"Bagmati province, Kathmandu, Gokarneshwor Municipality-2 Bhumisthali",False,,,,H5N1 (HPAI),OIE listed,,[{'spicieName': 'Birds'}]
190041,7386,domestic,2026-05-22,,1450.0,False,85.297222,27.616111,,1,"Bagmati Province, Lalitpur, Lalitpur Metropolitan city-22, Gauthali Chowk",False,,,,H5N1 (HPAI),OIE listed,,[{'spicieName': 'Birds'}]
190042,7386,domestic,2026-05-22,,2302.0,False,85.29606,27.613713,,1,"Bagmati Province, Lalitpur Metropolitan City-22, ",False,,,,H5N1 (HPAI),OIE listed,,[{'spicieName': 'Birds'}]
190044,7386,domestic,2026-05-16,,1425.0,False,85.397317,27.648062,,1,"Bagmati Province, Bhaktapur, Suryabinayak",False,,,,H5N1 (HPAI),OIE listed,,[{'spicieName': 'Birds'}]
190045,7386,domestic,2026-05-23,,10.0,False,85.402998,27.692542,,1,"Bagmati province, Bhaktapur, Changunarayan Municipality-1",False,,,,H5N1 (HPAI),OIE listed,,[{'spicieName': 'Birds'}]
188182,7521,domestic,2026-04-28,,,False,0.6998122083656348,45.17525194023117,,1,Dordogne,False,,,,clade 2.3.4.4.b - H5N2 (HPAI) - Eurasian,OIE listed,,[{'spicieName': 'Birds'}]
188183,7521,domestic,2026-04-25,,,False,1.4211656716,43.8842510712,,1,Tarn-et-Garonne,False,,,,clade 2.3.4.4.b - H5N2 (HPAI) - Eurasian,OIE listed,,[{'spicieName': 'Birds'}]
189121,7521,domestic,2026-05-09,,,False,1.44079,43.87155,,1,Haute-Garonne,False,,,,clade 2.3.4.4.b - H5N2 (HPAI) - Eurasian,OIE listed,,[{'spicieName': 'Birds'}]
190043,7521,domestic,2026-05-26,,,False,0.73636422,44.95205459,,1,Dordogne,False,,,,clade 2.3.4.4.b - H5N2 (HPAI) - Eurasian,OIE listed,,[{'spicieName': 'Birds'}]
179232,7243,domestic,2026-01-27,,21011.0,False,18.777045,49.923549,,1,Wisła Mała,False,,,,empty strain - H5N1 (HPAI),OIE listed,,[{'spicieName': 'Birds'}]
179812,7243,domestic,2026-02-02,,23487.0,False,18.76832848,49.93391,,1,Wisła Mała,False,,,,empty strain - H5N1 (HPAI),OIE listed,,[{'spicieName': 'Birds'}]
182895,7334,domestic,2026-02-25,2026-05-04,,False,19.74582,43.02574,,1,Bijelo Polje,False,,,,empty strain - H5N1 (HPAI),OIE listed,,[{'spicieName': 'Birds'}]
184517,7334,domestic,2026-03-01,2026-05-04,,False,18.903,42.7882,,1,Nikšic,True,,,,empty strain - H5N1 (HPAI),OIE listed,,[{'spicieName': 'Birds'}]
184518,7334,domestic,2026-03-07,2026-05-04,,False,19.71907,43.05309,,1,Bijelo Polje,False,,,,empty strain - H5N1 (HPAI),OIE listed,,[{'spicieName': 'Birds'}]
188395,7334,domestic,2026-03-10,2026-04-24,,False,19.749133,43.021707,,1,Bijelo Polje,False,,,,empty strain - H5N1 (HPAI),OIE listed,,[{'spicieName': 'Birds'}]
188396,7334,domestic,2026-03-06,2026-04-24,,False,19.9271,42.61192,,1,Plav,False,,,,empty strain - H5N1 (HPAI),OIE listed,,[{'spicieName': 'Birds'}]
189770,7571,wild,2026-01-15,2026-01-15,1.0,False,141.3544,43.0619,,1,obw85-Sapporo-City,True,,,,empty strain - H5N5 (HPAI non. Plt),OIE listed,,[{'spicieName': 'Corvus corone'}]
181719,7290,domestic,2026-02-19,2026-03-20,9015.0,False,-58.4278,-35.584,,1,Ranchos,False,,,,Highly path. avian influenza,OIE listed,Aves,[{'spicieName': 'Birds'}]
182397,7290,domestic,2026-02-22,2026-03-17,705.0,False,-59.2315,-35.319,,1,Lobos,False,,,,Highly path. avian influenza,OIE listed,Aves,[{'spicieName': 'Birds'}]
182553,7290,domestic,2026-02-21,2026-03-30,7700.0,False,-62.5808,-33.5855,,1,Alejo Ledesma,False,,,,Highly path. avian influenza,OIE listed,Aves,[{'spicieName': 'Birds'}]
183446,7290,domestic,2026-03-02,2026-03-30,4100.0,False,-61.0938,-36.2195,,1,Bolivar,False,,,,Highly path. avian influenza,OIE listed,Aves,[{'spicieName': 'Birds'}]
176555,7172,domestic,2026-01-05,2026-01-09,95.0,False,20.28196,46.68019,,1,Szentes,False,,,,empty strain - H5N1 (HPAI),OIE listed,,[{'spicieName': 'Birds'}]
176556,7172,domestic,2026-01-05,2026-01-13,300.0,False,20.239,46.6496,,1,Szentes,False,,,,empty strain - H5N1 (HPAI),OIE listed,,[{'spicieName': 'Birds'}]
177596,7172,domestic,2026-01-12,2026-01-17,303.0,False,20.260369,46.72014,,1,Nagytőke,False,,,,empty strain - H5N1 (HPAI),OIE listed,,[{'spicieName': 'Birds'}]
177598,7172,domestic,2026-01-12,2026-01-16,416.0,False,20.305405,46.75925,,1,Nagytőke,False,,,,empty strain - H5N1 (HPAI),OIE listed,,[{'spicieName': 'Birds'}]
181973,7172,domestic,2026-02-23,2026-02-27,300.0,False,19.942567,46.347373,,1,Zsombó,False,,,,empty strain - H5N1 (HPAI),OIE listed,,[{'spicieName': 'Birds'}]
184505,7385,wild,2026-01-20,2026-01-20,1.0,False,8.6258,56.8843,,1,Vilsund Vest,True,,,,empty strain - H5N5 (HPAI non. Plt),OIE listed,,[{'spicieName': 'Larus ridibundus'}]
179835,7252,domestic,2026-02-04,2026-02-06,2220.0,False,20.0337,46.8921,,1,Lakitelek,False,,,,empty strain - H5N1 (HPAI),OIE listed,,[{'spicieName': 'Birds'}]
182546,7252,domestic,2026-03-02,2026-03-04,157.0,False,19.818072,46.7205,,1,Kiskunfélegyháza,False,,,,empty strain - H5N1 (HPAI),OIE listed,,[{'spicieName': 'Birds'}]
183272,7252,domestic,2026-03-06,2026-03-08,18.0,False,19.799245,46.724938,,1,Kiskunfélegyháza,False,,,,empty strain - H5N1 (HPAI),OIE listed,,[{'spicieName': 'Birds'}]
183273,7252,domestic,2026-03-08,2026-03-10,158.0,False,19.77054,46.70259,,1,Kiskunfélegyháza,False,,,,empty strain - H5N1 (HPAI),OIE listed,,[{'spicieName': 'Birds'}]
179773,7250,domestic,2026-02-03,2026-02-08,8500.0,False,17.983497,47.829517,,1,Komárno,False,,,,empty strain - H5N1 (HPAI),OIE listed,,[{'spicieName': 'Birds'}]
180401,7250,domestic,2026-02-06,2026-02-07,8.0,False,20.2748265,49.094171,,1,Poprad,False,,,,empty strain - H5N1 (HPAI),OIE listed,,[{'spicieName': 'Birds'}]
181454,7250,domestic,2026-02-18,2026-02-21,1500.0,False,17.058201,48.571363,,1,Senica,False,,,,empty strain - H5N1 (HPAI),OIE listed,,[{'spicieName': 'Birds'}]
176836,7177,domestic,2026-01-05,2026-01-10,33357.0,False,23.5824,52.8924,,1,Waśki,False,,,,empty strain - H5N1 (HPAI),OIE listed,,[{'spicieName': 'Birds'}]
176963,7177,domestic,2026-01-07,2026-01-14,35704.0,False,23.5424,52.8886,,1,Makówka,False,,,,empty strain - H5N1 (HPAI),OIE listed,,[{'spicieName': 'Birds'}]
183804,7368,domestic,2026-02-28,2026-04-07,1000.0,False,-7.43,54.69,,1,Newtonstewart,True,,,,empty strain - H5N1 (HPAI),OIE listed,,[{'spicieName': 'Birds'}]
179096,7237,domestic,2026-01-27,2026-01-31,70.0,False,20.254649,46.995507,,1,Tiszaföldvár,False,,,,empty strain - H5N1 (HPAI),OIE listed,,[{'spicieName': 'Birds'}]
177310,7181,domestic,2026-01-09,2026-02-23,5000.0,False,44.1651,33.5635,,1,"Baghdad, Al-Taji, Alhamamiaat",True,,,,empty strain - H5 (HPAI),OIE listed,,[{'spicieName': 'Birds'}]
180806,7261,wild,2026-01-03,2026-02-16,,False,73.64311,-53.16039,,1,Heard Island,True,,,,empty strain - H5N1 (HPAI non. Plt),OIE listed,,[{'spicieName': 'Pygoscelis papua'}]
188071,7520,domestic,2026-04-22,2026-05-25,8.0,False,105.878837,11.170257,,1,"Tropaeng Thakoav village, Pong Tuek commune, Rumduol district, Svay Rieng province",True,,,,empty strain - H5N1 (HPAI),OIE listed,,[{'spicieName': 'Birds'}]
190718,7614,wild,2026-01-20,2026-01-20,1.0,False,12.24303,55.4145,,1,Stevns,False,,,,empty strain - H5 (HPAI non. Plt),OIE listed,,[{'spicieName': 'Larus ridibundus'}]
178431,7217,domestic,2026-01-16,2026-02-28,2137.0,False,0.94,52.28,,1,"near Badwell Ash, Suffolk",True,,,,empty strain - H5N1 (HPAI),OIE listed,,[{'spicieName': 'Birds'}]
179921,7217,domestic,2026-01-22,2026-03-05,16.0,False,1.15,52.17,,1,"near Gosbeck, Suffolk ",True,,,,H5N1 (HPAI),OIE listed,,[{'spicieName': 'Birds'}]
183107,7346,domestic,2026-01-31,,300.0,False,88.16,27.17,,1,"Ward No. 4, Buriakhop Rengang under 28-Buriakhop GPU, Soreng ",True,,,,empty strain - H5N1 (HPAI),OIE listed,,[{'spicieName': 'Birds'}]
183108,7346,domestic,2026-02-03,,700.0,False,88.2169,27.2946,,1,"Ward No. 3, Songri under 07-Takuthang Chuchen GPU, Soreng ",True,,,,empty strain - H5N1 (HPAI),OIE listed,,[{'spicieName': 'Birds'}]
182039,7309,domestic,2026-02-24,2026-04-05,,False,18.26569,44.69084,,1,Karanovac,False,,,,empty strain - H5N1 (HPAI),OIE listed,,[{'spicieName': 'Birds'}]
190966,7623,domestic,2026-06-12,,1100.0,False,91.51151,26.79434,,1,Dewathang,True,,,,H5N1 (HPAI),OIE listed,,[{'spicieName': 'Birds'}]
181487,7281,wild,2026-02-19,2026-03-20,2.0,False,-53.9126,-34.3447,,1,Maldonado y Rocha,True,,,,H5 (HPAI non. Plt),OIE listed,,[{'spicieName': 'Coscoroba coscoroba'}]
182096,7281,wild,2026-02-23,2026-03-20,2.0,False,-55.3918,-34.7842,,1,Límite entre el departamento de Canelones y Maldonado,True,,,,HPAI (non-poultry including wild birds),OIE listed,Aves,[{'spicieName': 'Coscoroba coscoroba'}]
182106,7281,wild,2026-02-25,2026-03-20,1.0,False,-57.7211,-34.4091,,1,Colonia,True,,,,HPAI (non-poultry including wild birds),OIE listed,Aves,[{'spicieName': 'Coscoroba coscoroba'}]
182750,7281,wild,2026-02-26,2026-03-20,1.0,False,-55.0934,-34.8769,,1,Maldonado,True,,,,HPAI (non-poultry including wild birds),OIE listed,Aves,[{'spicieName': 'Cygnus melancoryphus'}]
182755,7281,wild,2026-02-27,2026-03-20,1.0,False,-56.2104,-34.4235,,1,Canelones,True,,,,HPAI (non-poultry including wild birds),OIE listed,Aves,[{'spicieName': 'Coscoroba coscoroba'}]
182756,7281,wild,2026-03-02,2026-04-14,1.0,False,-55.6966,-34.759,,1,Canelones,True,,,,HPAI (non-poultry including wild birds),OIE listed,Aves,[{'spicieName': 'Coscoroba coscoroba'}]
183626,7281,wild,2026-03-04,2026-04-14,1.0,False,-54.7614,-33.8293,,1,Lavalleja,False,,,,H5 (HPAI non. Plt),OIE listed,,[{'spicieName': 'Coscoroba coscoroba'}]
183627,7281,wild,2026-03-06,2026-04-14,1.0,False,-56.1053,-34.1182,,1,Florida,True,,,,H5 (HPAI non. Plt),OIE listed,,[{'spicieName': 'Coscoroba coscoroba'}]
185434,7410,wild,2026-02-26,2026-03-30,2.0,False,44.172,45.7406,,1,Kevyudovskoe,False,,,,H5N1 (HPAI non. Plt),OIE listed,,[{'spicieName': 'Anser anser'}]
185142,7400,domestic,2026-03-12,2026-05-11,25.0,False,-71.71782383,-34.62848323,,1,RLBO: Comuna Pumanque ,True,,,,H5N1 (HPAI non. Plt),OIE listed,,[{'spicieName': 'Birds'}]
185143,7400,domestic,2026-03-14,2026-05-28,156.0,False,-71.44555507,-34.22156546,,1,COMUNAS LAS CABRAS,True,,,,empty strain - H5N1 (HPAI non. Plt),OIE listed,,[{'spicieName': 'Birds'}]
185144,7400,domestic,2026-03-18,2026-05-28,3.0,False,-71.19840718,-34.40568413,,1,Comuna de Pichidegua ,False,,,,H5N1 (HPAI non. Plt),OIE listed,,[{'spicieName': 'Birds'}]
187941,7400,domestic,2026-03-27,,2.0,False,-71.31357,-34.13827,,1,Región de O´HIGGINS-LAS CABRAS,True,,,,empty strain - H5N1 (HPAI non. Plt),OIE listed,,[{'spicieName': 'Birds'}]
187943,7400,domestic,2026-04-13,,4.0,False,-71.56412,-34.50682,,1,LBO-PERALILLO,True,,,,empty strain - H5N1 (HPAI non. Plt),OIE listed,,[{'spicieName': 'Birds'}]
177461,7185,domestic,2026-01-09,2026-01-16,2850.0,False,19.320146,48.03278,,1,Szügy,False,,,,empty strain - H5N1 (HPAI),OIE listed,,[{'spicieName': 'Birds'}]
184562,7387,wild,2026-03-10,,30.0,False,85.28833333,27.68083333,,1,Kirtipur (Jungle in near Tribhuvan University premises),True,,,,empty strain - H5N1 (HPAI non. Plt),OIE listed,,[{'spicieName': 'Corvus splendens'}]
187645,7495,domestic,2026-04-21,,8.0,False,30.0451,50.79945,,1,Ivankivs'kyi,True,,,,empty strain - H5N1 (HPAI non. Plt),OIE listed,,[{'spicieName': 'Birds'}]
180970,7269,wild,2026-01-11,,140.0,False,87.10832,25.382927,,1,"Nagar Parishad Ward No. 28, Naugachia",False,,,,empty strain - H5N1 (HPAI non. Plt),OIE listed,,[{'spicieName': 'Corvus splendens'}]
180971,7269,wild,2026-01-12,,200.0,False,85.883455,26.136181,,1,"Rahum Ganj Bhio, Ward No. 31 Darbhanga Nagar Nigam",False,,,,empty strain - H5N1 (HPAI non. Plt),OIE listed,,[{'spicieName': 'Corvus splendens'}]
180972,7269,wild,2026-01-29,,12.0,False,84.643312,27.090394,,1,"Village- Mainatand, Block-Mainatand",False,,,,empty strain - H5N1 (HPAI non. Plt),OIE listed,,[{'spicieName': 'Corvus splendens'}]
180973,7269,wild,2026-01-30,,62.0,False,87.237999,25.46633,,1,"Village – Balthi, Mahespur, Ward No. 2, North Muradpur",False,,,,empty strain - H5N1 (HPAI non. Plt),OIE listed,,[{'spicieName': 'Corvus splendens'}]
180974,7269,wild,2026-02-03,,22.0,False,85.15079,25.59045,,1,"PC Colony, J-Sector(West) Park, Kankarbagh",True,,,,empty strain - H5N1 (HPAI non. Plt),OIE listed,,[{'spicieName': 'Corvus splendens'}]
187207,7469,domestic,2026-03-10,,1710.0,False,79.043,21.1621,,1,Regional Poultry Hatchery ,False,,,,H5N1 (HPAI),OIE listed,,[{'spicieName': 'Birds'}]
190222,7593,domestic,2026-05-11,2026-06-02,33.0,False,-17.47183,14.73629,,1,Liberté VI Extension Cite CPI,False,,,,empty strain - H5N1 (HPAI),OIE listed,,[{'spicieName': 'Birds'}]
187654,7496,domestic,2026-03-16,2026-05-26,150.0,False,-71.0517,-33.62616,,1,Región Metropolitana_Provincia Melipilla_Comuna Melipilla,True,,,,H5N1 (HPAI non. Plt),OIE listed,,[{'spicieName': 'Birds'}]
188997,7496,domestic,2026-04-27,,20.0,False,-71.21691,-33.5436,,1,Zt_01_RM_Comuna de María Pinto,True,,,,H5N1 (HPAI non. Plt),OIE listed,,[{'spicieName': 'Birds'}]
178406,7215,wild,2026-01-16,2026-01-20,1.0,False,22.30392,49.47443,,1,Huzele,False,,,,empty strain - H5N1 (HPAI non. Plt),OIE listed,,[{'spicieName': 'Cygnus olor'}]
183872,7215,wild,2026-03-10,2026-03-13,1.0,False,22.27566,49.5266,,1,Zagórz,False,,,,empty strain - H5N1 (HPAI non. Plt),OIE listed,,[{'spicieName': 'Cygnus olor'}]
178572,7223,domestic,2026-01-23,2026-02-24,20.0,False,31.2785,51.4179,,1,Zhavynka,True,,,,empty strain - H5N1 (HPAI non. Plt),OIE listed,,[{'spicieName': 'Birds'}]
177920,7201,wild,2026-01-15,2026-04-06,4.0,False,30.5224,50.5247,,1,Kyiv,False,,,,empty strain - H5N1 (HPAI non. Plt),OIE listed,,[{'spicieName': 'Cygnus olor'}]
179260,7244,wild,2026-01-26,2026-04-27,1.0,False,18.4704,44.5103,,1,Bikodže,False,,,,empty strain - H5N1 (HPAI non. Plt),OIE listed,,[{'spicieName': 'Cygnus olor'}]
182962,7337,domestic,2026-02-26,2026-04-09,250.0,False,-0.83,54.27,,1,"near Pickering, Thirsk and Malton, Yorkshire ",True,,,,H5N1 (HPAI),OIE listed,,[{'spicieName': 'Birds'}]
187658,7497,domestic,2026-03-31,,16.0,False,-72.01699,-36.59494,,1,Ñuble_Comuna de San Carlos,False,,,,H5N1 (HPAI non. Plt),OIE listed,,[{'spicieName': 'Birds'}]
187935,7497,domestic,2026-04-03,,1.0,False,-71.91138,-36.44974,,1,Ñuble_Provincia de Punilla_comuna San Carlos,True,,,,empty strain - H5N1 (HPAI non. Plt),OIE listed,,[{'spicieName': 'Birds'}]
187936,7497,domestic,2026-04-06,,1.0,False,-72.263,-36.95528,,1,Ñuble_Diguillin_Bulnes,True,,,,empty strain - H5N1 (HPAI non. Plt),OIE listed,,[{'spicieName': 'Birds'}]
187937,7497,domestic,2026-04-08,,1.0,False,-71.88455,-36.88437,,1,Ñuble-Diguillin- Comuna de Pinto,True,,,,empty strain - H5N1 (HPAI non. Plt),OIE listed,,[{'spicieName': 'Birds'}]
188994,7497,domestic,2026-05-04,,4.0,False,-71.84129,-36.38858,,1,Ñuble-Comuna de Ñiquen ,True,,,,H5N1 (HPAI non. Plt),OIE listed,,[{'spicieName': 'Birds'}]
179673,7248,wild,2026-01-17,,2.0,False,-21.94232,64.14079,,1,Reykjavík,False,,,,empty strain - H5N1 (HPAI non. Plt),OIE listed,,[{'spicieName': 'Anas penelope'}]
179680,7248,wild,2026-01-15,,2.0,False,-21.80155,64.09648,,1,Kópavogur,False,,,,empty strain - H5N1 (HPAI non. Plt),OIE listed,,[{'spicieName': 'Cygnus cygnus'}]
188659,7248,wild,2026-02-06,,1.0,False,-21.944744,64.136345,,1,Reykjavík,False,,,,empty strain - H5N1 (HPAI non. Plt),OIE listed,,[{'spicieName': 'Anser anser'}]
188694,7248,wild,2026-02-02,,1.0,False,-21.9443186,64.143952,,1,Reykjavík,False,,,,empty strain - H5N1 (HPAI non. Plt),OIE listed,,[{'spicieName': 'Anser anser'}]
187016,7451,domestic,2026-04-14,2026-04-16,53464.0,False,22.8122612,51.6317752,,1,Miłków,False,,,,empty strain - H5N1 (HPAI),OIE listed,,[{'spicieName': 'Birds'}]
188006,7451,domestic,2026-04-27,,5000.0,False,22.8195272,51.9947135,,1,Wysokie,False,,,,empty strain - H5N1 (HPAI),OIE listed,,[{'spicieName': 'Birds'}]
188442,7451,domestic,2026-05-03,,7600.0,False,22.904821,51.9921269,,1,Szachy,False,,,,empty strain - H5N1 (HPAI),OIE listed,,[{'spicieName': 'Birds'}]
188690,7451,domestic,2026-05-04,,18146.0,False,22.7297032,52.0141409,,1,Żabce,False,,,,empty strain - H5N1 (HPAI),OIE listed,,[{'spicieName': 'Birds'}]
189142,7451,domestic,2026-05-12,,5000.0,False,22.7552872,52.026294,,1,Halasy,False,,,,empty strain - H5N1 (HPAI),OIE listed,,[{'spicieName': 'Birds'}]
189744,7451,domestic,2026-05-21,,42609.0,False,22.8284637,52.0721146,,1,Zasiadki,False,,,,empty strain - H5N1 (HPAI),OIE listed,,[{'spicieName': 'Birds'}]
180881,7263,domestic,2026-01-23,2026-02-13,4.0,False,89.379185,26.864589,,1,Phuentsholing,True,,,,empty strain - H5N1 (HPAI),OIE listed,,[{'spicieName': 'Birds'}]
178736,7227,wild,2026-01-23,2026-01-26,1.0,False,21.963389,51.601306,,1,Ryki,False,,,,empty strain - H5N1 (HPAI non. Plt),OIE listed,,[{'spicieName': 'Anser anser'}]
179570,7227,wild,2026-01-29,2026-02-03,5.0,False,23.013076,51.333596,,1,Nadrybie Wieś,False,,,,empty strain - H5N1 (HPAI non. Plt),OIE listed,,[{'spicieName': 'Anser anser'}]
179829,7227,wild,2026-02-03,2026-02-05,7.0,False,22.017618,51.608013,,1,Ryki,False,,,,empty strain - H5N1 (HPAI non. Plt),OIE listed,,[{'spicieName': 'Buteo buteo'}]
187521,7227,wild,2026-03-03,2026-03-05,1.0,False,21.892713,51.319884,,1,Janowiec,False,,,,empty strain - H5N1 (HPAI non. Plt),OIE listed,,[{'spicieName': 'Cygnus olor'}]
187522,7227,wild,2026-03-17,2026-03-18,2.0,False,21.952194,51.670056,,1,Potok,False,,,,empty strain - H5N1 (HPAI non. Plt),OIE listed,,[{'spicieName': 'Buteo buteo'}]
187042,7456,domestic,2026-04-10,,27500.0,False,-72.31211001,-38.91027644,,1,Cunco,True,,,,H5N1 (HPAI),OIE listed,,[{'spicieName': 'Birds'}]
185284,7402,domestic,2026-03-16,,17.0,False,-68.77026304,-53.34930895,,1,Región Magallanes 01,True,,,,H5N1 (HPAI non. Plt),OIE listed,,[{'spicieName': 'Birds'}]
177865,7195,wild,2026-01-14,2026-02-16,2.0,False,28.48485,47.6701,,1,Teleneşti,False,,,,empty strain - H5N1 (HPAI non. Plt),OIE listed,,[{'spicieName': 'Cygnus olor'}]
178209,7195,wild,2026-01-20,2026-03-02,3.0,False,29.091695,47.088654,,1,Chişinău,False,,,,empty strain - H5N1 (HPAI non. Plt),OIE listed,,[{'spicieName': 'Cygnus olor'}]
178433,7195,wild,2026-01-21,2026-03-02,2.0,False,29.134015,47.156616,,1,Dubăsari,False,,,,empty strain - H5N1 (HPAI non. Plt),OIE listed,,[{'spicieName': 'Cygnus olor'}]
179302,7195,wild,2026-01-30,2026-03-02,1.0,False,29.134015,47.156616,,1,Dubăsari,False,,,,empty strain - H5N1 (HPAI non. Plt),OIE listed,,[{'spicieName': 'Cygnus olor'}]
179881,7195,wild,2026-02-04,2026-03-09,1.0,False,28.88545,47.37276,,1,Orhei,False,,,,empty strain - H5N1 (HPAI non. Plt),OIE listed,,[{'spicieName': 'Cygnus olor'}]
184925,7195,wild,2026-03-23,2026-04-27,2.0,False,29.1593,47.17976,,1,Dubăsari,False,,,,empty strain - H5N1 (HPAI non. Plt),OIE listed,,"[{'spicieName': 'Cygnus olor'}, {'spicieName': 'Phalacrocoracidae (incognita)'}]"
185156,7195,wild,2026-03-25,,6.0,False,29.15687,47.1807,,1,Criuleni,False,,,,empty strain - H5N1 (HPAI non. Plt),OIE listed,,[{'spicieName': 'Phalacrocoracidae (incognita)'}]
184961,7393,domestic,2026-03-24,2026-05-26,902.0,False,-70.98760812,-33.713277,,1,RM Talagente ,True,,,,empty strain - H5N1 (HPAI),OIE listed,,[{'spicieName': 'Birds'}]
183443,7357,domestic,2026-03-06,2026-05-15,216.0,False,-71.202044,-32.604574,,1,Valparaíso,True,,,,H5N1 (HPAI non. Plt),OIE listed,,[{'spicieName': 'Birds'}]
186043,7426,wild,2026-03-01,2026-03-30,2.0,False,130.93296,47.892684,,1,Amurzetskoe,False,,,,H5N1 (HPAI non. Plt),OIE listed,,[{'spicieName': 'Anatidae (incognita)'}]
184122,7376,domestic,2026-01-25,2026-03-23,2.0,False,102.966719,13.561273,,1,"Brohort Village, Ou Ambel commune, Serei Saophoan district, Banteay Mean Chey province",True,,,,H5N1 (HPAI non. Plt),OIE listed,,[{'spicieName': 'Birds'}]
184129,7376,both,2026-03-12,2026-03-23,19.0,False,103.101935,13.57508,,1,"Ropeak village, Chhnour Mean Chey commune, Preah Neat Preah district, Banteay Mean Chey province.",True,,,,empty strain - H5N1 (HPAI non. Plt),OIE listed,,"[{'spicieName': 'Al indeterminatum fau'}, {'spicieName': 'Birds'}]"
183105,7345,domestic,2026-02-21,2026-04-10,120.0,False,-72.782175,2.65831,,1,Puerto Concordia,False,,,,H5N1 (HPAI non. Plt),OIE listed,,[{'spicieName': 'Birds'}]
184951,7392,domestic,2026-03-18,,77.0,False,-72.59185547,-37.703314043,,1,Araucanía ,True,,,,empty strain - H5N1 (HPAI non. Plt),OIE listed,,[{'spicieName': 'Birds'}]
187913,7392,domestic,2026-04-08,,8.0,False,-72.78655,-38.62694,,1,COMUNA DE GALVARINO DE LA ARAUCANIA,True,,,,empty strain - H5N1 (HPAI non. Plt),OIE listed,,[{'spicieName': 'Birds'}]
188995,7392,domestic,2026-04-22,,109.0,False,-72.34164,-38.31166,,1,Araucanía-Comuna Victoria,True,,,,empty strain - H5N1 (HPAI non. Plt),OIE listed,,[{'spicieName': 'Birds'}]
185391,7405,domestic,2026-03-27,2026-06-05,394.0,False,-71.48492682,-35.34049067,,1,COMUNA DE SAN RAFAEL,True,,,,empty strain - H5N1 (HPAI),OIE listed,,[{'spicieName': 'Birds'}]
184388,7384,wild,2026-02-26,2026-05-29,1.0,False,25.04053,60.30786,,1,Vantaa,False,,,,empty strain - H5 (HPAI non. Plt),OIE listed,,[{'spicieName': 'Branta canadensis'}]
190050,7384,wild,2026-05-06,2026-05-28,1.0,False,24.984183,60.174828,,1,Helsinki,False,,,,HPAI (non-poultry including wild birds),OIE listed,Aves,[{'spicieName': 'Branta leucopsis'}]
185281,7401,wild,2026-03-15,2026-03-27,1.0,False,22.8464,60.19022,,1,Kemiönsaari,False,,,,empty strain - H5N1 (HPAI non. Plt),OIE listed,,[{'spicieName': 'Branta canadensis'}]
185283,7401,wild,2026-03-14,2026-03-27,1.0,False,21.97472,60.56754,,1,Masku,False,,,,empty strain - H5N1 (HPAI non. Plt),OIE listed,,[{'spicieName': 'Branta canadensis'}]
187314,7401,wild,2026-04-01,2026-04-17,1.0,False,22.3262,59.81017,,1,Kemiönsaari,False,,,,empty strain - H5N1 (HPAI non. Plt),OIE listed,,[{'spicieName': 'Cygnus olor'}]
187315,7401,wild,2026-04-08,2026-04-20,1.0,False,24.61102,60.15464,,1,Kirkkonummi,False,,,,empty strain - H5N1 (HPAI non. Plt),OIE listed,,[{'spicieName': 'Larus argentatus'}]
187689,7401,wild,2026-04-09,2026-04-23,1.0,False,24.538176,60.90822,,1,Janakkala,False,,,,empty strain - H5N1 (HPAI non. Plt),OIE listed,,[{'spicieName': 'Bubo bubo'}]
189358,7401,wild,2026-05-07,2026-05-18,1.0,False,25.01911,60.44108,,1,Tuusula,False,,,,empty strain - H5N1 (HPAI non. Plt),OIE listed,,[{'spicieName': 'Branta leucopsis'}]
189989,7401,wild,2026-05-10,2026-05-26,1.0,False,25.64037,60.95367,,1,Lahti,False,,,,empty strain - H5N1 (HPAI non. Plt),OIE listed,,[{'spicieName': 'Branta leucopsis'}]
189990,7401,wild,2026-05-05,2026-05-26,1.0,False,25.03585,60.29354,,1,Vantaa,False,,,,empty strain - H5N1 (HPAI non. Plt),OIE listed,,[{'spicieName': 'Branta leucopsis'}]
190051,7401,wild,2026-05-17,2026-05-28,1.0,False,25.01319,60.168714,,1,Helsinki,False,,,,empty strain - H5N1 (HPAI non. Plt),OIE listed,,[{'spicieName': 'Branta leucopsis'}]
190052,7401,wild,2026-05-12,2026-05-28,1.0,False,24.9913,60.2393,,1,Helsinki,False,,,,empty strain - H5N1 (HPAI non. Plt),OIE listed,,[{'spicieName': 'Branta leucopsis'}]
190053,7401,wild,2026-04-30,2026-05-28,1.0,False,24.9928,60.18201,,1,Helsinki,False,,,,empty strain - H5N1 (HPAI non. Plt),OIE listed,,[{'spicieName': 'Branta leucopsis'}]
179586,7246,wild,2026-01-27,2026-01-30,1.0,False,19.485038,49.098369,,1,Liptovský Mikuláš,False,,,,empty strain - H5N1 (HPAI non. Plt),OIE listed,,[{'spicieName': 'Cygnus olor'}]
180672,7246,domestic,2026-02-10,,3.0,False,21.052259,48.930736,,1,Prešov,False,,,,empty strain - H5N1 (HPAI non. Plt),OIE listed,,[{'spicieName': 'Birds'}]
180673,7246,wild,2026-02-06,,26.0,False,16.9842,48.5984,,1,Senica,False,,,,empty strain - H5N1 (HPAI non. Plt),OIE listed,,[{'spicieName': 'Cygnus olor'}]
180776,7246,wild,2026-02-11,,1.0,False,18.525,48.284,,1,Levice,False,,,,empty strain - H5N1 (HPAI non. Plt),OIE listed,,[{'spicieName': 'Cygnus olor'}]
180778,7246,wild,2026-02-11,,1.0,False,18.524,48.269,,1,Levice,False,,,,empty strain - H5N1 (HPAI non. Plt),OIE listed,,[{'spicieName': 'Cygnus olor'}]
182941,7246,wild,2026-02-18,,5.0,False,17.201141,48.8386,,1,Skalica,False,,,,empty strain - H5N1 (HPAI non. Plt),OIE listed,,[{'spicieName': 'Cygnus olor'}]
182942,7246,wild,2026-02-23,,1.0,False,17.007402,48.695501,,1,Skalica,False,,,,empty strain - H5N1 (HPAI non. Plt),OIE listed,,[{'spicieName': 'Ardea alba'}]
178404,7213,wild,2026-01-12,2026-01-21,1.0,False,24.940063,60.180045,,1,Helsinki,False,,,,empty strain - H5N1 (HPAI non. Plt),OIE listed,,[{'spicieName': 'Cygnus olor'}]
178494,7213,wild,2026-01-16,2026-01-23,1.0,False,24.94158,60.17956,,1,Helsinki,False,,,,empty strain - H5N1 (HPAI non. Plt),OIE listed,,[{'spicieName': 'Branta canadensis'}]
178956,7213,wild,2026-01-19,2026-01-27,2.0,False,24.94158,60.17956,,1,Helsinki,False,,,,empty strain - H5N1 (HPAI non. Plt),OIE listed,,[{'spicieName': 'Branta canadensis'}]
179107,7213,wild,2026-01-19,2026-01-28,1.0,False,24.94158,60.17956,,1,Helsinki,False,,,,empty strain - H5N1 (HPAI non. Plt),OIE listed,,[{'spicieName': 'Branta canadensis'}]
178489,7220,wild,2026-01-23,2026-02-13,1.0,False,21.16533,44.0808,,1,Bagrdan,True,,,,empty strain - H5N1 (HPAI non. Plt),OIE listed,,[{'spicieName': 'Cygnus cygnus'}]
182980,7220,wild,2026-02-06,2026-03-25,1.0,False,20.446,44.874,,1,Borča,False,,,,H5N1 (HPAI non. Plt),OIE listed,,[{'spicieName': 'Cygnus olor'}]
182984,7220,wild,2026-02-14,2026-03-25,1.0,False,20.1167,45.9353,,1,Čoka,False,,,,H5N1 (HPAI non. Plt),OIE listed,,[{'spicieName': 'Falco cherrug'}]
182985,7220,wild,2026-02-14,2026-03-20,1.0,False,19.219754,45.008407,,1,Morović,False,,,,H5N1 (HPAI non. Plt),OIE listed,,[{'spicieName': 'Cygnus olor'}]
190835,7220,wild,2026-03-02,2026-04-22,1.0,False,20.837514,45.333431,,1,Boka,False,,,,H5N1 (HPAI non. Plt),OIE listed,,[{'spicieName': 'Falco cherrug'}]
187684,7503,wild,2026-04-03,2026-04-09,1.0,False,21.3174,40.5213,,1,Lake of Kastoria,False,,,,empty strain - H5N1 (HPAI non. Plt),OIE listed,,[{'spicieName': 'Cygnus cygnus'}]
190628,7612,wild,2026-06-03,,135.0,False,-88.7863,14.7004,,1,"El Higuito, Talgua, Lempira (Limítrofe a Copán)",True,,,,empty strain - H5 (HPAI non. Plt),OIE listed,,[{'spicieName': 'Coragyps atratus'}]
191061,7633,wild,2026-05-29,2026-06-15,2.0,False,29.74329,62.59815,,1,Joensuu,False,,,,empty strain - H5 (HPAI non. Plt),OIE listed,,[{'spicieName': 'Branta leucopsis'}]
183460,7358,domestic,2026-02-02,2026-03-08,,False,-78.0498,-7.6124,,1,"Pampa chica, Cajabamba, Cajamarca",False,,,,empty strain - H5 (HPAI non. Plt),OIE listed,,[{'spicieName': 'Birds'}]
183932,7358,domestic,2026-03-09,,12.0,False,-78.579747,-8.97082,,1,"TAMBO REAL VIEJO, CHIMBOTE, SANTA, ANCASH",False,,,,empty strain - H5 (HPAI non. Plt),OIE listed,,[{'spicieName': 'Birds'}]
184410,7358,domestic,2026-03-12,2026-04-23,47.0,False,-70.187671,-17.981503,,1,"Calana, Tacna",False,,,,empty strain - H5 (HPAI non. Plt),OIE listed,,[{'spicieName': 'Birds'}]
184414,7358,domestic,2026-03-09,,335.0,False,-76.427916,-6.491116,,1,"Morales, San Martin, San Martin",False,,,,H5 (HPAI non. Plt),OIE listed,,[{'spicieName': 'Birds'}]
184792,7358,domestic,2026-03-16,,13.0,False,-79.868991,-6.868031,,1,"MONSEFU, CHICLAYO, LAMBAYEQUE",False,,,,H5 (HPAI non. Plt),OIE listed,,[{'spicieName': 'Birds'}]
185874,7358,domestic,2026-03-23,,27.0,False,-78.578217,-8.97945,,1,"Chimbote, Santa, Ancash",False,,,,H5 (HPAI non. Plt),OIE listed,,[{'spicieName': 'Birds'}]
185980,7358,domestic,2026-03-31,,16.0,False,-78.577479,-8.970118,,1,"Chimbote, Santa, Ancash",False,,,,H5 (HPAI non. Plt),OIE listed,,[{'spicieName': 'Birds'}]
187178,7358,domestic,2026-04-06,,71.0,False,-73.788757,-12.622682,,1,"AYNA, LA MAR, AYACUCHO",False,,,,empty strain - H5 (HPAI non. Plt),OIE listed,,[{'spicieName': 'Birds'}]
187179,7358,domestic,2026-04-08,,,False,-77.515188,-9.526901,,1,"Ancash, Huaraz, Nueva Florida",False,,,,empty strain - H5 (HPAI non. Plt),OIE listed,,[{'spicieName': 'Birds'}]
187318,7358,domestic,2026-04-10,,,False,-75.394047,-10.582464,,1,"La Esperanza, Oxapampa, Pasco",False,,,,H5 (HPAI non. Plt),OIE listed,,[{'spicieName': 'Birds'}]
187319,7358,domestic,2026-04-11,,,False,-73.788818,-12.622763,,1,"AYNA, LA MAR, AYACUCHO",False,,,,empty strain - H5 (HPAI non. Plt),OIE listed,,[{'spicieName': 'Birds'}]
187320,7358,domestic,2026-04-09,,,False,-78.182346,-7.272481,,1,"GREGORIO PITA, SAN MARCOS, CAJAMARCA",False,,,,H5 (HPAI non. Plt),OIE listed,,[{'spicieName': 'Birds'}]
187429,7358,domestic,2026-04-14,,,False,-73.788776,-12.622803,,1,"AYNA, LA MAR, AYACUCHO",False,,,,H5 (HPAI non. Plt),OIE listed,,[{'spicieName': 'Birds'}]
187430,7358,domestic,2026-04-11,,,False,-79.7685,-6.7663,,1,"POMALCA, CHICLAYO, LAMABYEQUE",False,,,,H5 (HPAI non. Plt),OIE listed,,[{'spicieName': 'Birds'}]
188398,7358,domestic,2026-04-17,,,False,-78.52856,-7.155021,,1,"CAJAMARCA, CAJAMARCA, CAJAMARCA",False,,,,H5 (HPAI non. Plt),OIE listed,,[{'spicieName': 'Birds'}]
188399,7358,domestic,2026-04-15,,,False,-79.59917,-6.78175,,1,"PUCALA, CHICLAYO, LAMBAYEQUE",False,,,,H5 (HPAI non. Plt),OIE listed,,[{'spicieName': 'Birds'}]
188400,7358,domestic,2026-04-15,,,False,-78.457461,-7.165493,,1,"BAÑOS DEL INCA, CAJAMARCA, CAJAMARCA",False,,,,empty strain - H5 (HPAI non. Plt),OIE listed,,[{'spicieName': 'Birds'}]
188401,7358,domestic,2026-04-20,,,False,-78.44559,-7.1501,,1,"BAÑOS DEL INCA, CAJAMARCA, CAJAMARCA",False,,,,H5 (HPAI non. Plt),OIE listed,,[{'spicieName': 'Birds'}]
188402,7358,domestic,2026-04-20,,,False,-78.583854,-8.964016,,1,"CHIMBOTE, SANTA, ANCASH",False,,,,empty strain - H5 (HPAI non. Plt),OIE listed,,[{'spicieName': 'Birds'}]
188403,7358,domestic,2026-04-22,,,False,-77.746513,-10.75098,,1,"BARRANCA, BARRANCA, LIMA",False,,,,H5 (HPAI non. Plt),OIE listed,,[{'spicieName': 'Birds'}]
188404,7358,domestic,2026-04-22,,,False,-76.637318,-12.665865,,1,"MALA, CAÑETE, LIMA",False,,,,H5 (HPAI non. Plt),OIE listed,,[{'spicieName': 'Birds'}]
188405,7358,domestic,2026-04-27,,,False,-75.255198,-10.736123,,1,"VILLA RICA, OXAPAMPA, PASCO",False,,,,H5 (HPAI non. Plt),OIE listed,,[{'spicieName': 'Birds'}]
188406,7358,domestic,2026-04-28,,,False,-71.867917,-17.129352,,1,"DEAN VALDIVIA, ISLAY, AREQUIPA",False,,,,H5 (HPAI non. Plt),OIE listed,,[{'spicieName': 'Birds'}]
189136,7358,domestic,2026-04-27,,,False,-75.346149,-10.763589,,1,"OXAPAMPA, OXAPAMPA, PASCO",False,,,,H5 (HPAI non. Plt),OIE listed,,[{'spicieName': 'Birds'}]
189137,7358,domestic,2026-04-27,,,False,-75.272423,-10.740834,,1,"VILLA RICA, OXAPAMPA, PASCO",False,,,,H5 (HPAI non. Plt),OIE listed,,[{'spicieName': 'Birds'}]
189138,7358,domestic,2026-04-28,,,False,-79.29391,-6.81302,,1,"OYOTUN, CHICLAYO, LAMBAYEQUE",False,,,,H5 (HPAI non. Plt),OIE listed,,[{'spicieName': 'Birds'}]
186457,7440,domestic,2026-04-06,2026-05-15,2378.0,False,-0.37,53.35,,1,"Buslingthorpe, Lincolnshire",True,,,,empty strain - H5N1 (HPAI),OIE listed,,[{'spicieName': 'Birds'}]
187125,7440,domestic,2026-04-11,2026-05-20,300.0,False,-0.74,53.44,,1,"near Blyton, Lincolnshire",True,,,,H5N1 (HPAI),OIE listed,,[{'spicieName': 'Birds'}]
187127,7440,domestic,2026-04-09,2026-05-19,90.0,False,0.1,52.13,,1,"near Newton, Cambridge",True,,,,H5N1 (HPAI),OIE listed,,[{'spicieName': 'Birds'}]
187719,7440,domestic,2026-04-17,2026-05-20,15.0,False,-0.72,53.44,,1,"Near Blyton, Lincolnshire",True,,,,H5N1 (HPAI),OIE listed,,[{'spicieName': 'Birds'}]
181720,7291,wild,2026-02-09,2026-04-06,307.0,False,-56.9773,-36.9518,,1,MADARIAGA,False,,,,HPAI (non-poultry including wild birds),OIE listed,Aves,"[{'spicieName': 'Chroicocephalus maculipennis'}, {'spicieName': 'Coscoroba coscoroba'}, {'spicieName': 'Cygnus melancoryphus'}, {'spicieName': 'Dendrocygna bicolor'}]"
182418,7291,wild,2026-02-19,2026-03-16,4.0,False,-58.3545,-34.6157,,1,CABA,False,,,,HPAI (non-poultry including wild birds),OIE listed,Aves,[{'spicieName': 'Coscoroba coscoroba'}]
182429,7291,domestic,2026-02-24,2026-02-27,56.0,False,-60.0568,-35.0731,,1,CHIVILCOY,False,,,,HPAI (non-poultry including wild birds),OIE listed,Aves,[{'spicieName': 'Birds'}]
182601,7291,domestic,2026-02-18,2026-03-04,10.0,False,-62.9279,-32.7582,,1,ORDOÑEZ,False,,,,HPAI (non-poultry including wild birds),OIE listed,Aves,[{'spicieName': 'Birds'}]
182784,7291,wild,2026-03-01,2026-03-23,4.0,False,-59.2921,-35.0088,,1,NAVARRO,False,,,,HPAI (non-poultry including wild birds),OIE listed,Aves,[{'spicieName': 'Coscoroba coscoroba'}]
183455,7291,domestic,2026-03-01,2026-03-05,17.0,False,-58.2813,-35.5367,,1,RANCHOS,False,,,,HPAI (non-poultry including wild birds),OIE listed,Aves,[{'spicieName': 'Birds'}]
183457,7291,domestic,2026-03-01,2026-03-10,24.0,False,-57.6287,-37.8464,,1,MAR DEL PLATA,False,,,,HPAI (non-poultry including wild birds),OIE listed,Aves,[{'spicieName': 'Birds'}]
183458,7291,domestic,2026-03-01,2026-03-05,4.0,False,-57.9636,-35.5716,,1,CHASCOMUS,False,,,,HPAI (non-poultry including wild birds),OIE listed,Aves,[{'spicieName': 'Birds'}]
183459,7291,domestic,2026-03-01,2026-03-07,14.0,False,-58.9186,-35.8411,,1,LAS FLORES,False,,,,HPAI (non-poultry including wild birds),OIE listed,Aves,[{'spicieName': 'Birds'}]
184532,7291,domestic,2026-03-04,2026-03-14,25.0,False,-67.3629,-39.0487,,1,CERVANTES,False,,,,HPAI (non-poultry including wild birds),OIE listed,Aves,[{'spicieName': 'Birds'}]
184533,7291,domestic,2026-03-12,2026-03-19,36.0,False,-59.9159,-36.7346,,1,AZUL,False,,,,HPAI (non-poultry including wild birds),OIE listed,Aves,[{'spicieName': 'Birds'}]
184534,7291,domestic,2026-03-06,2026-03-20,99.0,False,-58.1749,-37.0479,,1,AYACUCHO,False,,,,HPAI (non-poultry including wild birds),OIE listed,Aves,[{'spicieName': 'Birds'}]
184535,7291,wild,2026-03-12,2026-04-06,4.0,False,-60.025,-36.0598,,1,GENERAL ALVEAR,False,,,,HPAI (non-poultry including wild birds),OIE listed,Aves,[{'spicieName': 'Cairina moschata'}]
184536,7291,domestic,2026-03-17,2026-03-21,14.0,False,-67.366,-39.0367,,1,CERVANTES,False,,,,HPAI (non-poultry including wild birds),OIE listed,Aves,[{'spicieName': 'Birds'}]
184537,7291,domestic,2026-03-17,2026-03-24,123.0,False,-63.2418,-32.0149,,1,LOS ZORROS,False,,,,HPAI (non-poultry including wild birds),OIE listed,Aves,[{'spicieName': 'Birds'}]
184945,7291,domestic,2026-03-18,2026-03-23,128.0,False,-60.2725,-35.0198,,1,ALBERTI,False,,,,HPAI (non-poultry including wild birds),OIE listed,Aves,[{'spicieName': 'Birds'}]
185879,7291,domestic,2026-03-24,2026-03-27,15.0,False,-60.2707,-35.0222,,1,ALBERTI,False,,,,H5N1 (HPAI non. Plt),OIE listed,,[{'spicieName': 'Birds'}]
187173,7291,domestic,2026-04-01,2026-04-15,82.0,False,-67.9904,-38.7611,,1,GENERAL ROCA,False,,,,H5N1 (HPAI non. Plt),OIE listed,,[{'spicieName': 'Birds'}]
188996,7291,domestic,2026-05-05,2026-05-09,66.0,False,-66.10268,-40.63415,,1,VALCHETA,False,,,,empty strain - H5N1 (HPAI non. Plt),OIE listed,,[{'spicieName': 'Birds'}]
185935,7424,wild,2026-03-27,2026-04-01,6.0,False,11.13052,60.71049,,1,Stange,True,,,,empty strain - H5 (HPAI non. Plt),OIE listed,,[{'spicieName': 'Branta canadensis'}]
185936,7424,wild,2026-03-26,2026-04-01,4.0,False,11.36544,59.41389,,1,Rakkestad,True,,,,empty strain - H5 (HPAI non. Plt),OIE listed,,[{'spicieName': 'Anser anser'}]
186217,7424,wild,2026-03-30,2026-04-09,1.0,False,8.54605,58.30317,,1,Grimstad,True,,,,HPAI (non-poultry including wild birds),OIE listed,Aves,[{'spicieName': 'Cygnus olor'}]
180687,7260,domestic,2026-02-05,2026-02-11,16.0,False,3.31,50.97,,1,Tielt,False,,,,empty strain - H5N1 (HPAI non. Plt),OIE listed,,[{'spicieName': 'Birds'}]
178439,7218,wild,2026-01-16,2026-01-20,8.0,False,27.746526,46.729714,,1,Valeni,False,,,,empty strain - H5N1 (HPAI non. Plt),OIE listed,,[{'spicieName': 'Cygnus olor'}]
179500,7218,wild,2026-01-29,2026-01-30,1.0,False,26.3357,46.9355,,1,Piatra-neamt,False,,,,empty strain - H5N1 (HPAI non. Plt),OIE listed,,[{'spicieName': 'Cygnus olor'}]
179681,7218,wild,2026-01-29,2026-01-30,1.0,False,27.746526,46.729714,,1,Valeni,False,,,,empty strain - H5N1 (HPAI non. Plt),OIE listed,,[{'spicieName': 'Cygnus olor'}]
179847,7218,wild,2026-01-30,2026-02-02,4.0,False,27.660693,46.202997,,1,Barlad,False,,,,empty strain - H5N1 (HPAI non. Plt),OIE listed,,[{'spicieName': 'Cygnus olor'}]
179883,7218,domestic,2026-02-03,2026-03-10,434.0,False,28.54313,45.21766,,1,Niculitel,False,,,,empty strain - H5N1 (HPAI non. Plt),OIE listed,,[{'spicieName': 'Birds'}]
180569,7218,wild,2026-02-10,2026-02-11,2.0,False,26.231025,44.395966,,1,Glina,False,,,,empty strain - H5N1 (HPAI non. Plt),OIE listed,,[{'spicieName': 'Cygnus cygnus'}]
181805,7218,wild,2026-02-17,2026-02-20,1.0,False,28.58823,43.809029,,1,Mangalia,False,,,,empty strain - H5N1 (HPAI non. Plt),OIE listed,,[{'spicieName': 'Cygnus cygnus'}]
181856,7218,wild,2026-02-17,2026-02-23,2.0,False,23.356854,46.737237,,1,Gilau,False,,,,empty strain - H5N1 (HPAI non. Plt),OIE listed,,[{'spicieName': 'Cygnus olor'}]
183464,7218,wild,2026-03-06,2026-03-10,1.0,False,21.940493,47.05563,,1,Oradea,False,,,,empty strain - H5N1 (HPAI non. Plt),OIE listed,,[{'spicieName': 'Cygnus olor'}]
185426,7218,wild,2026-03-16,2026-03-26,1.0,False,28.671396,44.152005,,1,Constanta,False,,,,empty strain - H5N1 (HPAI non. Plt),OIE listed,,[{'spicieName': 'Cygnus cygnus'}]
186614,7218,wild,2026-04-02,2026-04-07,1.0,False,23.244219,46.867909,,1,Aghiresu,False,,,,empty strain - H5N1 (HPAI non. Plt),OIE listed,,[{'spicieName': 'Ciconia ciconia'}]
182787,7336,wild,2026-03-04,,26.0,False,-71.72337564,-33.80074373,,1,Valparaíso,False,,,,H5N1 (HPAI non. Plt),OIE listed,,[{'spicieName': 'Coscoroba coscoroba'}]
183445,7336,wild,2026-03-05,,9.0,False,-71.315861,-35.616418,,1,MAULE ,True,,,,H5N1 (HPAI non. Plt),OIE listed,,[{'spicieName': 'Coscoroba coscoroba'}]
187906,7336,wild,2026-04-12,2026-05-18,1.0,False,-73.1032376,-36.7898046,,1,Región del Bío.BíoComuna de Talcahuano,True,,,,empty strain - H5N1 (HPAI non. Plt),OIE listed,,[{'spicieName': 'Coscoroba coscoroba'}]
187907,7336,wild,2026-04-10,,230.0,False,-73.36662084,-38.891442,,1,Araucanía-Lago Budí,True,,,,empty strain - H5N1 (HPAI non. Plt),OIE listed,,[{'spicieName': 'Cygnus melancoryphus'}]
187908,7336,wild,2026-04-08,2026-06-01,14.0,False,-71.5020253,-33.09622276,,1,Valparaíso Jardín Botánico,True,,,,empty strain - H5N1 (HPAI non. Plt),OIE listed,,[{'spicieName': 'Cereopsis novaehollandiae'}]
187909,7336,wild,2026-04-07,,1.0,False,-73.2990917,-37.2925185,,1,Bío Bío Desembocadura Río Carampagne,True,,,,empty strain - H5N1 (HPAI non. Plt),OIE listed,,[{'spicieName': 'Cygnus melancoryphus'}]
187910,7336,wild,2026-04-04,2026-05-27,1.0,False,-73.18395379,-39.70189689,,1,Los Ríos - Santuario de la Naturaleza Carlos Anwanter,True,,,,empty strain - H5N1 (HPAI non. Plt),OIE listed,,[{'spicieName': 'Cygnus melancoryphus'}]
187911,7336,wild,2026-03-05,,1.0,False,-71.315872,-35.61629785,,1,Región de Maule,True,,,,empty strain - H5N1 (HPAI non. Plt),OIE listed,,[{'spicieName': 'Coscoroba coscoroba'}]
187912,7336,wild,2026-03-25,2026-05-12,2.0,False,-71.14318155,-32.80447301,,1,COMUNA DE HIJUELAS,True,,,,empty strain - H5N1 (HPAI non. Plt),OIE listed,,[{'spicieName': 'Egretta garzetta'}]
188993,7336,wild,2026-04-20,,3.0,False,-72.3822,-39.4807,,1,Araucanía-Comuna de Loncoche,True,,,,H5N1 (HPAI non. Plt),OIE listed,,[{'spicieName': 'Cygnus melancoryphus'}]
190765,7616,domestic,2026-06-06,,13.0,False,12.34,48.91,,1,Riekofen,True,,,,empty strain - H5N1 (HPAI non. Plt),OIE listed,,[{'spicieName': 'Birds'}]
185422,7409,domestic,2026-03-25,2026-04-30,5.0,False,103.301459,14.111839,,1,"Tum nop thmei village, Baeng Commune, Banteay Ampil district, Otdor Mean Chey province",True,,,,empty strain - H5N1 (HPAI non. Plt),OIE listed,,[{'spicieName': 'Birds'}]
190927,7622,domestic,2026-06-02,2026-06-15,1809.0,False,12.66211,56.14295,,1,Helsingborg,False,,,,empty strain - H5N1 (HPAI),OIE listed,,[{'spicieName': 'Birds'}]
178706,7224,wild,2026-01-21,2026-01-26,1.0,False,21.784717,51.017143,,1,Tarłów,False,,,,empty strain - H5N1 (HPAI non. Plt),OIE listed,,[{'spicieName': 'Anser anser'}]
187552,7490,domestic,2026-03-26,,133.0,False,-71.40612,-35.55764,,1,MAULE-COMUNA DE TALCA ,True,,,,H5N1 (HPAI non. Plt),OIE listed,,[{'spicieName': 'Birds'}]
187931,7490,domestic,2026-03-21,,4.0,False,-71.40612,-35.55764,,1,MAULE COMUNA COLBÚN,True,,,,empty strain - H5N1 (HPAI non. Plt),OIE listed,,[{'spicieName': 'Birds'}]
187932,7490,domestic,2026-03-23,,4.0,False,-71.56434,-35.197474,,1,MAULE-COMUNA SAGRADA FAMILIA,True,,,,empty strain - H5N1 (HPAI non. Plt),OIE listed,,[{'spicieName': 'Birds'}]
187933,7490,domestic,2026-03-23,,10.0,False,-71.63516,-35.47223,,1,Maule_Provincia de Talca,True,,,,empty strain - H5N1 (HPAI non. Plt),OIE listed,,[{'spicieName': 'Birds'}]
187934,7490,domestic,2026-03-25,,9.0,False,-71.81494,-36.10999,,1,Maule-Linares,True,,,,empty strain - H5N1 (HPAI non. Plt),OIE listed,,[{'spicieName': 'Birds'}]
187022,7452,wild,2026-03-18,2026-03-18,2.0,False,14.9236925268128,56.7439841322788,,1,Växjö,False,,,,empty strain - H5N1 (HPAI non. Plt),OIE listed,,"[{'spicieName': 'Anser anser'}, {'spicieName': 'Branta canadensis'}]"
187036,7452,wild,2026-03-24,2026-03-24,4.0,False,16.24257,59.52809,,1,Hallstahammar,False,,,,empty strain - H5N1 (HPAI non. Plt),OIE listed,,[{'spicieName': 'Corvus monedula'}]
187037,7452,wild,2026-03-17,2026-03-17,1.0,False,17.60109,59.09214,,1,Södertälje,False,,,,empty strain - H5N1 (HPAI non. Plt),OIE listed,,[{'spicieName': 'Corvus monedula'}]
187038,7452,wild,2026-03-22,2026-03-22,1.0,False,16.91564100729,58.848585001065,,1,Nyköping,False,,,,empty strain - H5N1 (HPAI non. Plt),OIE listed,,[{'spicieName': 'Buteo buteo'}]
187039,7452,wild,2026-03-26,2026-03-26,1.0,False,12.24261,57.11583,,1,Varberg,False,,,,empty strain - H5N1 (HPAI non. Plt),OIE listed,,[{'spicieName': 'Falco peregrinus'}]
187124,7452,wild,2026-03-22,2026-03-22,1.0,False,12.3090899950529,57.1320500014901,,1,Varberg,False,,,,empty strain - H5N1 (HPAI non. Plt),OIE listed,,[{'spicieName': 'Buteo buteo'}]
187126,7452,wild,2026-03-23,2026-03-23,1.0,False,11.5669200040142,57.9927199987354,,1,Tjörn,False,,,,empty strain - H5N1 (HPAI non. Plt),OIE listed,,[{'spicieName': 'Cygnus cygnus'}]
188168,7452,wild,2026-03-03,2026-03-03,3.0,False,11.90107,57.30312,,1,Kungsbacka,False,,,,empty strain - H5N1 (HPAI non. Plt),OIE listed,,[{'spicieName': 'Falco peregrinus'}]
189741,7452,wild,2026-03-19,,1.0,False,12.2221699959533,58.1863499997826,,1,Trollhättan,False,,,,empty strain - H5N1 (HPAI non. Plt),OIE listed,,[{'spicieName': 'Phalacrocorax carbo'}]
191351,7649,wild,2026-06-15,,1.0,False,122.2222,-33.9469,,1,Cape Le Grand National Park,True,,,,empty strain - H5N1 (HPAI non. Plt),OIE listed,,[{'spicieName': 'Stercorarius antarcticus'}]
191366,7652,domestic,2026-06-15,,2800.0,False,-88.053899,14.761853,,1,"SAN PEDRO ZACAPA, SANTA BARBARA",False,,,,Highly path. avian influenza,OIE listed,Aves,[{'spicieName': 'Birds'}]
191594,7657,wild,2026-06-18,,4.0,False,-84.152623,9.393077,,1,"Playa Espadilla de Manuel Antonio, Quepos",True,,,,empty strain - H5 (HPAI non. Plt),OIE listed,,[{'spicieName': 'Sula nebouxii'}]
191976,7679,domestic,2026-06-29,,13.0,False,8.64,53.11,,1,Lemwerder,True,,,,empty strain - H5N1 (HPAI non. Plt),OIE listed,,[{'spicieName': 'Birds'}]
192068,7681,wild,2026-06-23,2026-07-02,1.0,False,9.74,54.37,,1,Bünsdorf,True,,,,empty strain - H5N1 (HPAI non. Plt),OIE listed,,[{'spicieName': 'Anser anser'}]
192069,7681,wild,2026-06-23,2026-07-02,1.0,False,9.74,54.37,,1,Bünsdorf,True,,,,empty strain - H5N1 (HPAI non. Plt),OIE listed,,[{'spicieName': 'Anser anser'}]
192070,7681,wild,2026-06-23,2026-07-02,1.0,False,9.74,54.37,,1,Bünsdorf,True,,,,empty strain - H5N1 (HPAI non. Plt),OIE listed,,[{'spicieName': 'Anser anser'}]
192071,7681,wild,2026-06-23,2026-07-02,1.0,False,9.74,54.37,,1,Bünsdorf,True,,,,empty strain - H5N1 (HPAI non. Plt),OIE listed,,[{'spicieName': 'Anser anser'}]
